,ID,Name,N_from,N_from_2023,N_to,N_to_2023,delay_frac_from,delay_frac_from_2023,delay_frac_to,delay_frac_to_2023
16,10397,"Atlanta, GA: Hartsfield-Jackson Atlanta International",3581462,220762,3578947,220591,0.17583517569082124,0.23623177901994002,0.14354250007055147,0.19685753271892326
205,13930,"Chicago, IL: Chicago O'Hare International",2761293,169754,2756136,169514,0.2222136513582586,0.21618930923571758,0.18688772977821125,0.19411376051535567
78,11298,"Dallas/Fort Worth, TX: Dallas/Fort Worth International",2467764,183321,2464525,183234,0.21332550438372552,0.25530081114547704,0.17455939785557054,0.21780892192497026
77,11292,"Denver, CO: Denver International",2267422,186030,2264944,185810,0.22424938983568124,0.29757565983981077,0.18114708354820253,0.2304666056724611
152,12892,"Los Angeles, CA: Los Angeles International",2048954,128293,2047834,128205,0.19079149653920977,0.2040329558120864,0.18358958782791965,0.21874341874341874
214,14107,"Phoenix, AZ: Phoenix Sky Harbor International",1610117,114082,1607042,113992,0.1781386073185986,0.2172647744604758,0.16549474126998548,0.2135500736893817
248,14771,"San Francisco, CA: San Francisco International",1553296,88852,1552328,88811,0.2120838526591197,0.2114302435510737,0.24162032766271047,0.23473443604958846
59,11057,"Charlotte, NC: Charlotte Douglas International",1495184,127057,1492528,127008,0.17587066207236032,0.23034543551319486,0.14710879795889925,0.19679862685815067
132,12266,"Houston, TX: George Bush Intercontinental/Houston",1489764,73502,1487707,73425,0.19001801627640352,0.25237408505890996,0.16144845725670445,0.2080081716036772
150,12889,"Las Vegas, NV: Harry Reid International",1476561,123222,1476931,123135,0.21666968042634202,0.292447777182646,0.19904721344463622,0.2817801599870061
247,14747,"Seattle, WA: Seattle/Tacoma International",1258959,107776,1257912,107615,0.1509675851239,0.17766478622327792,0.15439315309814994,0.17771686103238396
194,13487,"Minneapolis, MN: Minneapolis-St Paul International",1258810,80104,1258209,80055,0.14328453062813293,0.1700664136622391,0.1440126401893485,0.16733495721691338
83,11433,"Detroit, MI: Detroit Metro Wayne County",1244336,82421,1243794,82379,0.1564553303930771,0.1902913092537096,0.15151142391746544,0.18952645698539677
170,13204,"Orlando, FL: Orlando International",1240350,106917,1239837,106731,0.2149465876567098,0.3079398037730202,0.20348400636535285,0.2960901706158473
34,10721,"Boston, MA: Logan International",1193969,92572,1193861,92549,0.18976204574825645,0.2309661668755131,0.2146313515560019,0.24830090006375002
157,12953,"New York, NY: LaGuardia",1186059,107245,1186565,107297,0.20162909265053425,0.19767821343652384,0.22567073864474343,0.2034726040802632
93,11618,"Newark, NJ: Newark Liberty International",1159376,90909,1158606,90857,0.24432884586191192,0.26587026587026585,0.2570735867067838,0.21868430610739953
144,12478,"New York, NY: John F. Kennedy International",1063138,88007,1062282,87930,0.2049254189014032,0.2433556421648278,0.21023795941190757,0.23230979187990447
256,14869,"Salt Lake City, UT: Salt Lake City International",1062732,71821,1061780,71829,0.12785067166510466,0.18362317428050293,0.1334005161144493,0.18204346433891605
76,11278,"Washington, DC: Ronald Reagan Washington National",932706,92247,933355,92286,0.16759300358312265,0.17641766127895758,0.17314633767430399,0.17365580911514206
44,10821,"Baltimore, MD: Baltimore/Washington International Thurgood Marshall",928756,61942,928665,61873,0.2285637993186585,0.30210519518259016,0.18920278033521237,0.23726019426890566
213,14100,"Philadelphia, PA: Philadelphia International",818094,57967,817362,57927,0.17679875417739283,0.20139044628840547,0.18729767226761215,0.2316363699138571
172,13232,"Chicago, IL: Chicago Midway International",814970,55794,814886,55745,0.26298636759635324,0.2897444169623974,0.1961329560208422,0.24481119382904296
180,13303,"Miami, FL: Miami International",795624,67160,795223,67140,0.20738062200235288,0.27846932698034543,0.17338909966135285,0.23200774501042598
239,14679,"San Diego, CA: San Diego International",788673,59010,789576,59048,0.17093396122347285,0.20852397898661243,0.18785398745655896,0.23126947568080206
101,11697,"Fort Lauderdale, FL: Fort Lauderdale-Hollywood International",778187,58360,777920,58416,0.223514399495237,0.336206305688828,0.21401686548745372,0.2986510545056149
272,15304,"Tampa, FL: Tampa International",672592,51277,672980,51319,0.18155583176725265,0.22573473487138482,0.19810989925406403,0.27046512987392585
32,10693,"Nashville, TN: Nashville International",625781,62108,626441,62209,0.19341750548514577,0.21852257358150318,0.19955271126889843,0.22794129466797408
73,11259,"Dallas, TX: Dallas Love Field",593964,48056,593416,48014,0.23854307668478225,0.24818961211919427,0.2010276096364102,0.23593118673720165
263,15016,"St. Louis, MO: St Louis Lambert International",554314,39822,554840,39859,0.2035777555681437,0.2334388026718899,0.1975470405882777,0.22940866554604983
211,14057,"Portland, OR: Portland International",552575,38487,552583,38501,0.13199475184364112,0.15340244757970223,0.16838918316343426,0.21079971948780551
18,10423,"Austin, TX: Austin - Bergstrom International",551446,60185,552119,60227,0.18243853432611715,0.22140068123286533,0.20173368422387203,0.2193700499775848
131,12264,"Washington, DC: Washington Dulles International",533665,32838,533675,32845,0.18198870077670448,0.18755709848346427,0.17847004262894084,0.19665093621555793
127,12191,"Houston, TX: William P Hobby",533008,35236,532758,35204,0.24012960405847567,0.22144965376319672,0.20581201971626892,0.2338370639700034
125,12173,"Honolulu, HI: Daniel K Inouye International",488602,40552,488573,40578,0.10534545499199757,0.21088972183862695,0.12004552032142586,0.1992705406870718
199,13796,"Oakland, CA: Metro Oakland International",456726,30259,456271,30213,0.200606052644255,0.226808552827258,0.20418786203813086,0.24443120511038294
169,13198,"Kansas City, MO: Kansas City International",455988,31516,456417,31547,0.16297578006438765,0.19999365401700722,0.20438327231457198,0.250134719624687
253,14831,"San Jose, CA: Norman Y. Mineta San Jose International",455428,34598,455402,34588,0.16250208594991963,0.17625296259899417,0.17954466603133057,0.2043483289001966
228,14492,"Raleigh/Durham, NC: Raleigh-Durham International",444711,38160,445468,38195,0.17669452745715758,0.20073375262054508,0.1993566316772473,0.24539861238381988
195,13495,"New Orleans, LA: Louis Armstrong New Orleans International",443704,32717,444236,32757,0.18199745776463588,0.22774092979185134,0.1985025977183299,0.25414415239490795
257,14893,"Sacramento, CA: Sacramento International",438294,34621,438545,34621,0.16289066243206615,0.18471447965107882,0.20029643480144568,0.24170301262239682
259,14908,"Santa Ana, CA: John Wayne Airport-Orange County",398346,29494,398871,29560,0.16557716156306326,0.21465382789719942,0.16771587806584085,0.20659675236806496
57,11042,"Cleveland, OH: Cleveland-Hopkins International",394073,26602,394370,26665,0.16476896412593606,0.1966393504247801,0.20086467023353705,0.2412150759422464
240,14683,"San Antonio, TX: San Antonio International",345259,25147,345688,25169,0.15840282222910917,0.1862249970175369,0.21271782647936868,0.2534467003059319
217,14122,"Pittsburgh, PA: Pittsburgh International",335432,27616,335733,27597,0.14282775644541965,0.15396871378910776,0.19456532423086204,0.2179947095698808
136,12339,"Indianapolis, IN: Indianapolis International",332756,29220,332942,29204,0.15701895683323516,0.16659822039698838,0.1994791885673781,0.22472948911108068
60,11066,"Columbus, OH: John Glenn Columbus International",311195,27053,311546,27047,0.16312922765468596,0.1630503086533841,0.20064773741277372,0.22276038007912152
181,13342,"Milwaukee, WI: General Mitchell International",302286,16398,302593,16406,0.1582673362312512,0.17691181851445298,0.19697084863166034,0.2541143484091186
69,11193,"Cincinnati, OH: Cincinnati/Northern Kentucky International",299543,25797,299935,25813,0.16446720504234785,0.18494398573477536,0.18458332638738392,0.21744857242474722
237,14635,"Fort Myers, FL: Southwest Florida International",289380,21780,289765,21789,0.17586218812633908,0.20463728191000918,0.1850292478387659,0.2446188443710129
255,14843,"San Juan, PR: Luis Munoz Marin International",254989,22139,254793,22185,0.20159300989454448,0.2814038574461358,0.2289623341300585,0.34315979265269325
43,10800,"Burbank, CA: Bob Hope",243335,19090,243678,19154,0.16400846569544045,0.1897852278679937,0.18851927543725736,0.22768090216142842
200,13830,"Kahului, HI: Kahului Airport",240206,20898,240609,20899,0.12006361206630975,0.22552397358598908,0.10501685306867158,0.16890760323460452
143,12451,"Jacksonville, FL: Jacksonville International",235100,18488,235472,18507,0.1666269672479796,0.21857421029857205,0.2007966976965414,0.260604095747555
210,14027,"West Palm Beach/Palm Beach, FL: Palm Beach International",231296,17922,231556,17950,0.21725840481460984,0.26319607186697913,0.2182020763875693,0.2807799442896936
2,10140,"Albuquerque, NM: Albuquerque International Sunport",223912,14800,224168,14817,0.17405945192754296,0.19635135135135134,0.2140046750651297,0.2361476682189377
22,10529,"Hartford, CT: Bradley International",218960,14518,219249,14525,0.15263518450858604,0.20436699269871883,0.2170728258737782,0.2590705679862306
174,13244,"Memphis, TN: Memphis International",209447,14891,209790,14890,0.15729993745434406,0.19454704183735141,0.1802802802802803,0.24358629952988584
204,13891,"Ontario, CA: Ontario International",204787,15605,205000,15617,0.16415592786651498,0.2,0.21003414634146342,0.2658000896458987
202,13871,"Omaha, NE: Eppley Airfield",201043,14557,201348,14556,0.15119153613903494,0.1748986741773717,0.20603134870969664,0.23667216268205551
42,10792,"Buffalo, NY: Buffalo Niagara International",198448,13274,198815,13306,0.16236999113117795,0.20182311285219226,0.21513467293715263,0.2545468209830152
201,13851,"Oklahoma City, OK: Will Rogers World",192700,13862,192956,13858,0.15746756616502336,0.17508296061174433,0.21756773564957815,0.22896521864626931
230,14524,"Richmond, VA: Richmond International",177087,12274,177296,12291,0.17017059411475716,0.18706208245070882,0.20618626477754715,0.24180294524448784
13,10299,"Anchorage, AK: Ted Stevens Anchorage International",173391,12488,172946,12468,0.1036385971590221,0.14077514413837283,0.14206746614550206,0.2005935194096888
53,10994,"Charleston, SC: Charleston AFB/International",171474,16076,171797,16110,0.17344903600545855,0.19302065190345857,0.18985197646059013,0.21973929236499068
275,15376,"Tucson, AZ: Tucson International",168079,10798,168266,10804,0.14194515674177025,0.16058529357288387,0.19714618520675598,0.21306923361717883
232,14570,"Reno, NV: Reno/Tahoe International",164355,12897,164676,12923,0.1666149493474491,0.21570907963092192,0.20271320653890063,0.25025148959219995
246,14730,"Louisville, KY: Louisville Muhammad Ali International",159418,15183,159613,15199,0.16895206312963404,0.16301126259632484,0.20213892352126706,0.2052766629383512
274,15370,"Tulsa, OK: Tulsa International",157674,10571,157887,10582,0.1491812220150437,0.14700595970106897,0.21613559064394156,0.22141372141372143
206,13931,"Norfolk, VA: Norfolk International",154383,13541,154709,13574,0.16922199983158767,0.1971050882504985,0.20848819396415205,0.22955650508324738
89,11540,"El Paso, TX: El Paso International",153745,11056,153905,11063,0.16280204234284043,0.17619392185238783,0.22048666385107696,0.23375214679562506
33,10713,"Boise, ID: Boise Air Terminal",153392,13839,153500,13835,0.1354307916970898,0.14003902016041622,0.18126384364820847,0.18496566678713408
26,10599,"Birmingham, AL: Birmingham-Shuttlesworth International",145139,9933,145315,9942,0.1675083885103246,0.19218765730393636,0.20764545986305613,0.21806477569905452
223,14307,"Providence, RI: Rhode Island Tf Green International",138745,9624,139109,9650,0.15245954809182313,0.189214463840399,0.21524847421805923,0.24621761658031088
158,12954,"Long Beach, CA: Long Beach Airport",134149,10514,134232,10528,0.16044100216922974,0.21533193836789044,0.17331187794266642,0.23062310030395136
147,12758,"Kona, HI: Ellison Onizuka Kona International at Keahole",131628,11483,131148,11514,0.10169568784757042,0.17286423408516938,0.10702412541556104,0.1859475421226333
116,11986,"Grand Rapids, MI: Gerald R. Ford International",125887,10667,126117,10680,0.1593572012995782,0.16293240836223868,0.1993466384389099,0.23146067415730337
159,12982,"Lihue, HI: Lihue Airport",124474,10719,124756,10742,0.09634140463068593,0.17454986472618714,0.10221552470422264,0.18609197542357103
160,12992,"Little Rock, AR: Bill and Hillary Clinton Nat Adams Field",116779,7613,116942,7616,0.16730747822810607,0.17548929462761068,0.2016640727882198,0.21783088235294118
82,11423,"Des Moines, IA: Des Moines International",115716,9483,115841,9493,0.15790383352345397,0.17821364547084256,0.20216503655873136,0.23943958706415253
107,11884,"Spokane, WA: Spokane International",114711,10571,114844,10586,0.12468725754286861,0.15977674770598807,0.1825781059524224,0.21377290761382958
241,14685,"Savannah, GA: Savannah/Hilton Head International",111652,11524,111887,11536,0.1857915666535306,0.20921555015619578,0.18694754529123134,0.21307212205270457
222,14262,"Palm Springs, CA: Palm Springs International",109141,9337,109397,9348,0.16857093118076616,0.1694334368640891,0.1685055348866971,0.19201968335472827
280,15412,"Knoxville, TN: McGhee Tyson",105994,8943,105944,8951,0.16677359095797875,0.15934250251593424,0.21079060635807598,0.20925036308792314
192,13485,"Madison, WI: Dane County Regional-Truax Field",100851,6656,100995,6658,0.15097520103915676,0.1521935096153846,0.18718748452893708,0.21342745569240013
234,14576,"Rochester, NY: Frederick Douglass Grtr Rochester International",98981,8597,99226,8607,0.1677190571927946,0.17517738746074213,0.21478241589905872,0.2294643894504473
284,15919,"Fayetteville, AR: Northwest Arkansas National",98918,7516,99177,7521,0.1735578964394751,0.16963810537519958,0.19056837774887322,0.17843371892035634
11,10257,"Albany, NY: Albany International",97981,7823,98186,7834,0.15513211745134262,0.17576377348843156,0.22439044262929542,0.24355374010722491
97,11638,"Fresno, CA: Fresno Yosemite International",97760,7194,97847,7194,0.1620908346972177,0.17333889352237977,0.17738918924443264,0.21281623575201558
118,11996,"Greer, SC: Greenville-Spartanburg International",96355,8620,96482,8626,0.15416947745316797,0.13921113689095127,0.19833751373313158,0.19951309993044286
64,11109,"Colorado Springs, CO: City of Colorado Springs Municipal",93272,7342,93388,7339,0.16505489321554165,0.1902751293925361,0.2181329507003041,0.25807330699005315
74,11267,"Dayton, OH: James M Cox/Dayton International",92906,4483,92951,4491,0.1559640927388974,0.1365157260762882,0.18979892631601597,0.15675796036517478
133,12278,"Wichita, KS: Wichita Dwight D Eisenhower National",89480,5596,89646,5600,0.15597898971837282,0.15618298784846318,0.20248533119157575,0.22857142857142856
117,11995,"Greensboro/High Point, NC: Piedmont Triad International",89390,6979,89529,6976,0.15977178655330573,0.1342599226250179,0.19280903394430854,0.17646215596330275
269,15096,"Syracuse, NY: Syracuse Hancock International",87667,8541,87828,8569,0.1666419519317417,0.18932209343168246,0.2091815821833584,0.23643365620259074
218,14193,"Pensacola, FL: Pensacola International",87071,7590,87296,7605,0.15375957551882946,0.2096179183135705,0.18469345674486803,0.22905982905982905
128,12197,"White Plains, NY: Westchester County",86533,8618,86891,8639,0.20210786636312159,0.212462288233929,0.22917218123856326,0.23208704711193426
167,13158,"Midland/Odessa, TX: Midland International Air and Space Port",77130,4965,77302,4969,0.15261247244911189,0.1391742195367573,0.20078393831983649,0.19440531294022942
197,13577,"Myrtle Beach, SC: Myrtle Beach International",75167,9965,75349,9998,0.17113893064775765,0.173607626693427,0.17460085734382672,0.21524304860972193
224,14321,"Portland, ME: Portland International Jetport",74531,7104,74823,7105,0.17938844239309817,0.18003941441441443,0.21072397524825254,0.2071780436312456
179,13296,"Manchester, NH: Manchester Boston Regional",72626,4081,72653,4085,0.14403932475972792,0.18696397941680962,0.23083699227836427,0.23476132190942472
242,14689,"Santa Barbara, CA: Santa Barbara Municipal",72587,4597,72748,4611,0.1771529337209142,0.185120730911464,0.17990872601308627,0.21578833224896984
142,12448,"Jackson/Vicksburg, MS: Jackson Medgar Wiley Evers International",71296,4778,71395,4778,0.15028893626570916,0.1262034323984931,0.1780096645423349,0.16387609878610296
55,11003,"Cedar Rapids/Iowa City, IA: The Eastern Iowa",68067,4475,68259,4480,0.169215625780481,0.15798882681564247,0.1850012452570357,0.21808035714285715
155,12945,"Lexington, KY: Blue Grass",67702,5213,67775,5212,0.15410179906058905,0.14713216957605985,0.17695315381777943,0.16634689178818113
40,10781,"Baton Rouge, LA: Baton Rouge Metropolitan/Ryan Field",67636,2728,67746,2731,0.17537997516115678,0.1532258064516129,0.1853541168482272,0.15708531673379714
130,12217,"Huntsville, AL: Huntsville International-Carl T Jones Field",65299,5124,65436,5120,0.14753671572305854,0.16120218579234974,0.17685983250809953,0.165625
262,14986,"Sarasota/Bradenton, FL: Sarasota/Bradenton International",62971,10445,63131,10465,0.19448635085991964,0.2173288654858784,0.18889293690896708,0.22818920210224558
139,12402,"Hilo, HI: Hilo International",61379,4730,62182,4734,0.07691555743821177,0.14862579281183932,0.08533015985333377,0.20363329108576256
282,15624,"Valparaiso, FL: Eglin AFB Destin Fort Walton Beach",61109,6207,61198,6213,0.1642474921860937,0.20654100209440954,0.19173829210104906,0.23338161918557862
249,14783,"Springfield, MO: Springfield-Branson National",59693,4710,59782,4712,0.17159465934029117,0.1883227176220807,0.18636044294269177,0.16893039049235994
47,10874,"Akron, OH: Akron-Canton Regional",58819,2166,58769,2165,0.14673829884901138,0.15373961218836565,0.20849427419217614,0.17829099307159355
103,11775,"Sioux Falls, SD: Joe Foss Field",58631,4476,58789,4481,0.16813631014309835,0.17761394101876676,0.1997482522240555,0.1981700513278286
251,14814,"Shreveport, LA: Shreveport Regional",57547,2494,57638,2493,0.16793229881661945,0.19807538091419408,0.1843748915645928,0.1532290413156839
46,10868,"Columbia, SC: Columbia Metropolitan",56984,3924,57048,3930,0.15848308297065844,0.14245667686034658,0.1993409059038003,0.18193384223918574
153,12896,"Lubbock, TX: Lubbock Preston Smith International",56716,3626,56800,3627,0.15147401086113266,0.16629895201323772,0.20776408450704226,0.2351805900192997
41,10785,"Burlington, VT: Burlington International",55281,5127,55553,5142,0.18425860603100522,0.1486249268578116,0.205371447086566,0.18339167639050952
19,10431,"Asheville, NC: Asheville Regional",54394,6936,54501,6945,0.18011177703423173,0.2116493656286044,0.19350103667822607,0.208207343412527
45,10849,"Bozeman, MT: Bozeman Yellowstone International",53936,6563,54037,6575,0.14782334618807474,0.2082888922748743,0.16829209615633733,0.23467680608365019
51,10980,"Chattanooga, TN: Lovell Field",52451,3889,52478,3891,0.16422947131608548,0.16868089483157625,0.17908456877167575,0.16268311488049345
243,14696,"South Bend, IN: South Bend International",51020,3627,51015,3636,0.16785574284594276,0.16294458229942102,0.18827795746349113,0.16529152915291528
96,11637,"Fargo, ND: Hector International",51002,4142,51168,4144,0.15942512058350652,0.15016900048285853,0.17960444027517197,0.1694015444015444
85,11481,"Panama City, FL: Northwest Florida Beaches International",50697,4620,50758,4622,0.15146852870978558,0.20952380952380953,0.19403837818668979,0.24167027260926005
12,10279,"Amarillo, TX: Rick Husband Amarillo International",50407,3454,50482,3451,0.15634733271172654,0.1679212507237985,0.21245196307594785,0.23819182845552014
105,11823,"Fort Wayne, IN: Fort Wayne International",49691,2801,49715,2798,0.16578454850979052,0.1917172438414852,0.1884139595695464,0.16154395997140814
90,11603,"Eugene, OR: Mahlon Sweet Field",49557,4802,49636,4804,0.16163206005206127,0.15597667638483964,0.17976871625433152,0.18755203996669442
138,12391,"Islip, NY: Long Island MacArthur",48835,2907,48885,2917,0.18458073103307054,0.2511179910560716,0.2630050117622993,0.30065135413095645
15,10372,"Aspen, CO: Aspen Pitkin County Sardy Field",48446,4455,49758,4592,0.24012302357263757,0.2978675645342312,0.23405281562763777,0.24150696864111498
66,11140,"Corpus Christi, TX: Corpus Christi International",48062,2384,48113,2390,0.15388456576921478,0.10906040268456375,0.19753496975869309,0.15481171548117154
187,13422,"Mobile, AL: Mobile Regional",46721,1608,46814,1610,0.15783052588771646,0.15111940298507462,0.18535053616439526,0.17391304347826086
171,13230,"Harrisburg, PA: Harrisburg International",46238,3634,46364,3635,0.15173666681084821,0.16538249862410567,0.1803554481925632,0.19449793672627236
113,11977,"Green Bay, WI: Green Bay Austin Straubel International",44133,2561,44203,2561,0.134185303514377,0.11479890667707926,0.17765762504807367,0.14564623194064819
156,12951,"Lafayette, LA: Lafayette Regional Paul Fournet Field",43414,1859,43545,1863,0.1595337909430138,0.16675632060247444,0.17446319898955104,0.15780998389694043
146,12523,"Juneau, AK: Juneau International",42333,3186,42537,3187,0.11669383223489949,0.1167608286252354,0.11514681336248443,0.14308126764982743
270,15249,"Tallahassee, FL: Tallahassee International",42183,3095,42261,3099,0.14138396984567242,0.13150242326332795,0.16511677433094343,0.1600516295579219
244,14698,"San Luis Obispo, CA: San Luis County Regional",41695,3018,41815,3016,0.18508214414198346,0.20410868124585818,0.17319143847901472,0.1896551724137931
135,12323,"Wilmington, NC: Wilmington International",41370,4913,41386,4913,0.14650713077109015,0.14654996946875637,0.16539409462136956,0.1681253816405455
184,13367,"Moline, IL: Quad Cities International",39973,2169,40027,2170,0.15467940860080553,0.13278008298755187,0.19391910460439205,0.1631336405529954
264,15024,"Charlotte Amalie, VI: Cyril E King",39869,3313,39980,3326,0.16867741854573728,0.23483247811651073,0.16988494247123562,0.19422730006013228
94,11624,"Key West, FL: Key West International",38485,4610,38576,4624,0.1749512797193712,0.23210412147505424,0.1311955620074658,0.15289792387543252
225,14457,"Rapid City, SD: Rapid City Regional",38400,2639,38482,2643,0.14875,0.1557408109132247,0.16407671118964712,0.17707150964812712
215,14108,"Peoria, IL: General Downing - Peoria International",38308,2149,38408,2155,0.16007100344575545,0.1614704513727315,0.18865861278900228,0.1679814385150812
191,13476,"Monterey, CA: Monterey Regional",38029,2525,38154,2532,0.16219201135975178,0.1706930693069307,0.17688839964354983,0.18799368088467613
176,13264,"Medford, OR: Rogue Valley International - Medford",37818,3083,37922,3086,0.1762123856364694,0.10963347388906909,0.18179420916618322,0.1474400518470512
141,12441,"Jackson, WY: Jackson Hole",37678,3794,37780,3807,0.17991931631190616,0.2459146020031629,0.1887771307570143,0.2172314158129761
227,14489,"Bend/Redmond, OR: Roberts Field",37412,3945,37485,3946,0.14375066823479096,0.1158428390367554,0.1589435774309724,0.13963507349214394
102,11721,"Flint, MI: Bishop International",36521,1457,36516,1457,0.12691328276881794,0.1695264241592313,0.18939642896264652,0.2779684282772821
112,11973,"Gulfport/Biloxi, MS: Gulfport-Biloxi International",36244,1907,36338,1906,0.1429753890299084,0.11221814368117462,0.17309703340855304,0.14428121720881426
17,10408,"Appleton, WI: Appleton International",36026,3092,36074,3091,0.15014156442569254,0.157503234152652,0.18586793812718302,0.23778712390812035
175,13256,"Mission/McAllen/Edinburg, TX: McAllen International",35371,1887,35419,1891,0.15099940629329112,0.1976682564917859,0.20531353228493182,0.254362771020624
364,14761,"Sanford, FL: Orlando Sanford International",35263,6232,35210,6226,0.21458752800385672,0.2503209242618742,0.2776199943197955,0.28894956633472535
95,11630,"Fairbanks, AK: Fairbanks International",35080,2122,35086,2126,0.10473204104903079,0.13053722902921772,0.1261756826084478,0.19143932267168393
110,11921,"Grand Junction, CO: Grand Junction Regional",34956,2059,35006,2070,0.10553266964183546,0.1680427391937834,0.12492144203850769,0.15458937198067632
129,12206,"Harlingen/San Benito, TX: Valley International",34630,2367,34687,2371,0.14236211377418423,0.12420785804816223,0.20007495603540232,0.17376634331505694
27,10620,"Billings, MT: Billings Logan International",34332,2394,34402,2405,0.09786787836420832,0.13868003341687551,0.14359630254054997,0.2074844074844075
219,14252,"Pasco/Kennewick/Richland, WA: Tri Cities",34299,3524,34346,3528,0.10848712790460363,0.11180476730987514,0.15332207535084144,0.13577097505668934
91,11612,"Evansville, IN: Evansville Regional",31765,1204,31821,1206,0.14890602864788288,0.1378737541528239,0.17353320134502373,0.14013266998341625
276,15380,"Traverse City, MI: Cherry Capital",31654,2912,31748,2924,0.17170025905098882,0.16792582417582416,0.18407458737558272,0.1686046511627907
10,10208,"Augusta, GA: Augusta Regional at Bush Field",31442,2587,31473,2584,0.16662426054322244,0.1874758407421724,0.17402217773964987,0.17182662538699692
193,13486,"Missoula, MT: Missoula Montana",31250,2686,31317,2692,0.130848,0.18205510052122115,0.14548009068557013,0.18684992570579495
67,11146,"Charleston/Dunbar, WV: West Virginia International Yeager",31109,2280,31171,2274,0.18518756629914174,0.1675438596491228,0.19688171698052678,0.16402814423922604
28,10627,"Bismarck/Mandan, ND: Bismarck Municipal",31026,2263,31103,2267,0.14578095790627216,0.16747680070702606,0.16371411117898596,0.15703573003970003
115,11982,"Killeen, TX: Robert Gray AAF",30461,1000,30536,1006,0.1392272085617675,0.149,0.17857610689022793,0.13717693836978131
177,13277,"Montgomery, AL: Montgomery Regional",30449,1518,30503,1518,0.16979211139938916,0.18511198945981555,0.18903058715536178,0.1732542819499341
0,10135,"Allentown/Bethlehem/Easton, PA: Lehigh Valley International",30359,2852,30387,2848,0.14914852267861262,0.1567321178120617,0.18540823378418403,0.21032303370786518
111,11953,"Gainesville, FL: Gainesville Regional",30260,1808,30347,1810,0.15786516853932583,0.15597345132743362,0.16799024615283223,0.15082872928176796
9,10185,"Alexandria, LA: Alexandria International",28579,1186,28615,1180,0.1485356380559152,0.15935919055649242,0.16694041586580466,0.14322033898305084
52,10990,"Charlottesville, VA: Charlottesville Albemarle",28208,1886,28316,1898,0.17931083380601248,0.13732767762460232,0.19759146772142958,0.1506849315068493
360,14112,"St. Petersburg, FL: St Pete Clearwater International",28052,5363,28041,5362,0.17941679737630115,0.1870221890732799,0.2188937627046111,0.22286460276016412
24,10561,"Bakersfield, CA: Meadows Field",27074,1713,27109,1707,0.1380291054147891,0.17746643315820199,0.1813419897451031,0.18804920913884007
134,12280,"Idaho Falls, ID: Idaho Falls Regional",26853,2079,26904,2079,0.10412244441961792,0.16690716690716692,0.12708147487362473,0.14381914381914382
185,13377,"Monroe, LA: Monroe Regional",26827,1194,26877,1196,0.14638237596451337,0.1373534338358459,0.17412657662685568,0.10785953177257525
99,11648,"Kalispell, MT: Glacier Park International",25400,2507,25445,2511,0.10964566929133858,0.15915436777024333,0.14407545686775397,0.18518518518518517
31,10685,"Bloomington/Normal, IL: Central Il Regional Airport at Bloomington",24942,1202,25000,1204,0.1491460187635314,0.1622296173044925,0.19156,0.12956810631229235
273,15323,"Bristol/Johnson City/Kingsport, TN: Tri Cities",23876,1835,23898,1838,0.14592058971351984,0.12425068119891008,0.1683822914051385,0.14961915125136016
81,11413,"Durango, CO: Durango La Plata County",23673,2225,23750,2247,0.1538883960630254,0.15910112359550563,0.16265263157894738,0.155318202047174
148,12819,"Ketchikan, AK: Ketchikan International",23187,1701,23332,1707,0.12632078319748136,0.13051146384479717,0.11889250814332247,0.14001171646162858
233,14574,"Roanoke, VA: Roanoke Blacksburg Regional",23080,1838,23190,1841,0.1783362218370884,0.16158868335146898,0.18473479948253557,0.16892992938620316
98,11641,"Fayetteville, NC: Fayetteville Regional/Grannis Field",22779,894,22828,893,0.1579525001097502,0.1644295302013423,0.17404065183108464,0.18365061590145576
149,12884,"Lansing, MI: Capital Region International",22686,860,22690,866,0.14824120603015076,0.10930232558139535,0.17311591009255178,0.12009237875288684
250,14794,"St. George, UT: St George Regional",22655,1570,22674,1564,0.09291547119841094,0.12993630573248408,0.09729205257122696,0.12979539641943735
80,11337,"Duluth, MN: Duluth International",22628,1208,22701,1205,0.14367155736255965,0.12831125827814568,0.16417778952469053,0.14107883817427386
6,10158,"Atlantic City, NJ: Atlantic City International",22598,1844,22584,1844,0.15488096291707232,0.20498915401301518,0.21191994332270633,0.2608459869848156
72,11252,"Daytona Beach, FL: Daytona Beach International",22233,1981,22263,1983,0.13551927315252102,0.17920242301867745,0.16134393388132776,0.19969742813918306
162,13029,"Lincoln, NE: Lincoln Airport",21754,509,21781,509,0.13877907511262297,0.14538310412573674,0.18337082778568478,0.17485265225933203
340,14082,"Punta Gorda, FL: Punta Gorda Airport",20859,4187,20854,4187,0.22043242724962847,0.229758777167423,0.2620600364438477,0.2610460950561261
163,13061,"Laredo, TX: Laredo International",20489,804,20527,801,0.13553614134413589,0.1517412935323383,0.1536025722219516,0.12234706616729088
311,15356,"Trenton, NJ: Trenton Mercer",20451,1342,20447,1352,0.23891252261503104,0.28837555886736216,0.2792096640093901,0.371301775147929
189,13433,"Minot, ND: Minot International",20386,1224,20423,1227,0.137496321004611,0.15849673202614378,0.14738285266611173,0.14751426242868787
286,16218,"Yuma, AZ: Yuma MCAS/Yuma International",20384,1045,20409,1047,0.09016875981161696,0.1320574162679426,0.10593365672007447,0.10888252148997135
307,10466,"Phoenix, AZ: Phoenix - Mesa Gateway",20323,3646,20297,3644,0.20311961816660926,0.20104223806911684,0.26944868699807856,0.23518111964873764
37,10747,"Brownsville, TX: Brownsville South Padre Island International",19825,853,19863,854,0.13074401008827238,0.1336459554513482,0.17268287771232946,0.13700234192037472
20,10434,"Scranton/Wilkes-Barre, PA: Wilkes Barre Scranton International",19701,1319,19748,1320,0.14258159484290137,0.17664897649734648,0.19996961717642292,0.20833333333333334
236,14633,"Rochester, MN: Rochester International",19484,847,19522,846,0.14478546499692055,0.12632821723730814,0.1731892224157361,0.18085106382978725
25,10581,"Bangor, ME: Bangor International",19273,3077,19255,3082,0.17573807917812484,0.15404614884627885,0.19797455206439885,0.18170019467878
5,10157,"Arcata/Eureka, CA: California Redwood Coast Humboldt County",19235,1044,19334,1042,0.24003119313750976,0.16475095785440613,0.2348194889831385,0.16698656429942418
168,13184,"Saginaw/Bay City/Midland, MI: MBS International",18994,919,19056,919,0.1357270717068548,0.14036996735582155,0.1632031905961377,0.16104461371055495
119,12003,"Great Falls, MT: Great Falls International",18974,1701,19016,1703,0.08943817856013492,0.10758377425044091,0.12074042911232646,0.11978860833822666
58,11049,"College Station/Bryan, TX: Easterwood Field",18327,700,18347,700,0.12571615649042397,0.15714285714285714,0.15572028124489018,0.14857142857142858
21,10469,"Kalamazoo, MI: Kalamazoo/Battle Creek International",18170,534,18193,533,0.11997798569069895,0.08801498127340825,0.15791788050349034,0.11444652908067542
86,11503,"Eagle, CO: Eagle County Regional",17965,2273,18054,2285,0.20478708600055665,0.25164980202375714,0.20095269746316605,0.19824945295404814
183,13360,"Melbourne, FL: Melbourne Orlando International",17887,1796,17910,1798,0.12701962319002627,0.14365256124721604,0.14986041317699608,0.17018909899888765
36,10732,"Aguadilla, PR: Rafael Hernandez",17481,1920,17352,1921,0.2661174989989131,0.41510416666666666,0.30520977408944217,0.44560124934929723
70,11203,"Mosinee, WI: Central Wisconsin",17296,730,17329,732,0.14720166512488436,0.1095890410958904,0.17381268394021582,0.12158469945355191
1,10136,"Abilene, TX: Abilene Regional",17262,796,17277,796,0.14557988645579886,0.1620603015075377,0.17121027956242404,0.13316582914572864
104,11778,"Fort Smith, AR: Fort Smith Regional",17229,701,17253,702,0.13332172499854897,0.11840228245363767,0.1802005448327827,0.1225071225071225
100,11695,"Flagstaff, AZ: Flagstaff Pulliam",16567,1012,16601,1021,0.09645681173417034,0.1007905138339921,0.0984278055538823,0.10381978452497552
198,13795,"Jacksonville/Camp Lejeune, NC: Albert J Ellis",16505,727,16541,728,0.1518933656467737,0.13342503438789546,0.18354392116558854,0.13324175824175824
61,11067,"Champaign/Urbana, IL: University of Illinois/Willard",16407,934,16442,937,0.1505454988724325,0.10492505353319058,0.20739569395450674,0.13660618996798293
212,14098,"Newport News/Williamsburg, VA: Newport News/Williamsburg International",15967,0,16018,0,0.15381724807415295,,0.1836683730802847,
154,12915,"Lake Charles, LA: Lake Charles Regional",15659,686,15677,686,0.11456670285458842,0.14285714285714285,0.14588250302991643,0.1326530612244898
65,11122,"Casper, WY: Casper/Natrona County International",15423,1036,15464,1040,0.10516760682098165,0.1583011583011583,0.128039317123642,0.18269230769230768
238,14674,"Santa Fe, NM: Santa Fe Municipal",15356,1142,15395,1141,0.1669054441260745,0.15586690017513136,0.1695355634946411,0.12971078001752848
108,11898,"Grand Forks, ND: Grand Forks International",15174,848,15207,850,0.1059048372215632,0.13797169811320756,0.12303544420332742,0.12941176470588237
124,12156,"Helena, MT: Helena Regional",14949,918,14962,919,0.0627466720181952,0.07625272331154684,0.10773960700441118,0.10228509249183895
279,15411,"Tyler, TX: Tyler Pounds Regional",14922,686,14944,687,0.13852030558906314,0.1661807580174927,0.16247323340471093,0.15138282387190685
196,13502,"Montrose/Delta, CO: Montrose Regional",14719,1974,14765,1978,0.1877844962293634,0.21124620060790272,0.19918726718591262,0.2032355915065723
260,14952,"Springfield, IL: Abraham Lincoln Capital",14713,362,14730,364,0.15951879290423435,0.24033149171270718,0.18628649015614393,0.1510989010989011
30,10666,"Bellingham, WA: Bellingham International",14080,1697,14090,1696,0.10901988636363637,0.1626399528579847,0.14428672817601135,0.20931603773584906
4,10155,"Waco, TX: Waco Regional",13857,696,13888,694,0.14274373962618173,0.1939655172413793,0.17324308755760368,0.15706051873198848
178,13290,"Manhattan/Ft. Riley, KS: Manhattan Regional",13715,545,13757,543,0.14013853445133065,0.07522935779816514,0.1860870829395944,0.11602209944751381
164,13076,"La Crosse, WI: La Crosse Regional",13375,366,13414,365,0.1308411214953271,0.07103825136612021,0.14276129417026986,0.10136986301369863
254,14842,"San Angelo, TX: San Angelo Regional/Mathis Field",13303,746,13326,750,0.15116890926858603,0.13002680965147453,0.16028815848716793,0.13733333333333334
68,11150,"Columbus, GA: Columbus Airport",12988,628,13010,628,0.14998460117031107,0.12579617834394904,0.1665641813989239,0.1337579617834395
252,14828,"Sitka, AK: Sitka Rocky Gutierrez",12878,982,12868,984,0.1100326137599006,0.109979633401222,0.13397575380789556,0.17378048780487804
266,15041,"Sun Valley/Hailey/Ketchum, ID: Friedman Memorial",12786,1167,13790,1175,0.12083528859690286,0.14395886889460155,0.11515591007976794,0.1123404255319149
308,12389,"Williston, ND: Sloulin Field International",12591,0,12658,0,0.12866333095067906,,0.14552061937114869,
151,12891,"Lawton/Fort Sill, OK: Lawton-Fort Sill Regional",12306,636,12323,633,0.1375751665854055,0.12264150943396226,0.1665178933701209,0.10426540284360189
79,11308,"Dothan, AL: Dothan Regional",12167,484,12177,486,0.15361222980192324,0.11983471074380166,0.1783690564178369,0.10905349794238683
296,11111,"Columbia, MO: Columbia Regional",11693,917,11741,917,0.17993671427349697,0.14394765539803708,0.20679669534111234,0.12213740458015267
88,11537,"Elmira/Corning, NY: Elmira/Corning Regional",11594,689,11598,689,0.13532861825081938,0.14949201741654572,0.17485773409208485,0.14513788098693758
226,14487,"Redding, CA: Redding Regional",11461,973,11478,972,0.1947474042404677,0.13771839671120248,0.21737236452343614,0.15123456790123457
123,12094,"Hayden, CO: Yampa Valley",11454,1743,11535,1758,0.1856993190151912,0.22719449225473323,0.19904638058084093,0.2229806598407281
344,15023,"Santa Rosa, CA: Charles M. Schulz - Sonoma County",11427,2115,11467,2117,0.15130830489192265,0.14657210401891252,0.1430190982820267,0.11950873878129428
268,15070,"Newburgh/Poughkeepsie, NY: New York Stewart International",11259,363,11279,364,0.22097877253752554,0.3002754820936639,0.2258178916570618,0.1813186813186813
106,11865,"Gillette, WY: Northeast Wyoming Regional",10294,406,10315,408,0.09811540703322323,0.13054187192118227,0.13330101793504606,0.19362745098039216
265,15027,"Christiansted, VI: Henry E. Rohlsen",9993,789,10002,790,0.161513059141399,0.20405576679340937,0.2011597680463907,0.2607594936708861
261,14960,"Wichita Falls, TX: Sheppard AFB/Wichita Falls Municipal",9977,468,10003,470,0.13491029367545354,0.14316239316239315,0.15635309407177847,0.11914893617021277
92,11617,"New Bern/Morehead/Beaufort, NC: Coastal Carolina Regional",9907,97,9925,97,0.14979307560310892,0.10309278350515463,0.18770780856423175,0.13402061855670103
231,14543,"Rock Springs, WY: Southwest Wyoming Regional",9727,267,9791,270,0.10218978102189781,0.04868913857677903,0.12399142069247268,0.12962962962962962
120,12007,"Columbus, MS: Golden Triangle Regional",9704,555,9715,555,0.13035861500412202,0.11351351351351352,0.1678847143592383,0.12972972972972974
277,15389,"Twin Falls, ID: Joslin Field - Magic Valley Regional",9550,247,9040,247,0.0881675392670157,0.032388663967611336,0.07223451327433629,0.02834008097165992
235,14588,"Roswell, NM: Roswell Air Center",9460,601,9476,599,0.13488372093023257,0.14143094841930118,0.1487969607429295,0.1318864774624374
319,14711,"State College, PA: University Park",9393,892,9408,892,0.15330565314595976,0.11771300448430494,0.19122023809523808,0.1412556053811659
281,15607,"Valdosta, GA: Valdosta Regional",9375,573,9382,572,0.13482666666666668,0.1012216404886562,0.1620123641014709,0.12237762237762238
278,15401,"Texarkana, AR: Texarkana Regional-Webb Field",9141,687,9156,689,0.1300732961382781,0.16302765647743814,0.15334207077326342,0.12481857764876633
3,10146,"Albany, GA: Southwest Georgia Regional",9096,568,9100,568,0.14357959542656112,0.1073943661971831,0.17516483516483516,0.11091549295774648
35,10731,"Brunswick, GA: Brunswick Golden Isles",8998,482,9019,483,0.12991775950211157,0.13070539419087138,0.1683113427209225,0.13664596273291926
216,14113,"Pocatello, ID: Pocatello Regional",8601,243,8599,242,0.06406231833507732,0.02880658436213992,0.06221653680660542,0.028925619834710745
23,10551,"Bethel, AK: Bethel Airport",8482,469,8493,469,0.11506720113180853,0.2814498933901919,0.08877899446603085,0.1513859275053305
56,11041,"Carlsbad, CA: McClellan-Palomar",7920,0,7932,0,0.13674242424242425,,0.15481593545133637,
190,13459,"Marquette, MI: Marquette Sawyer Regional",7872,473,7894,473,0.16272865853658536,0.15856236786469344,0.19077780592855334,0.2029598308668076
220,14254,"Ponce, PR: Mercedita",7838,715,7883,725,0.19316152079612145,0.3384615384615385,0.311556514017506,0.49379310344827587
292,10154,"Nantucket, MA: Nantucket Memorial",7820,1214,7873,1235,0.23542199488491047,0.2553542009884679,0.18900038104915534,0.22995951417004049
323,13933,"Worcester, MA: Worcester Regional",7668,1053,7773,1059,0.21830985915492956,0.23646723646723647,0.2353016853209829,0.22568460812086874
318,14520,"Rhinelander, WI: Rhinelander/Oneida County",7444,476,7507,478,0.11284255776464266,0.07983193277310924,0.11122951911549221,0.08786610878661087
245,14709,"Deadhorse, AK: Deadhorse Airport",7399,272,7508,272,0.10204081632653061,0.08088235294117647,0.10029302077783697,0.09558823529411764
271,15295,"Toledo, OH: Eugene F Kranz Toledo Express",7310,276,7331,276,0.16580027359781122,0.26811594202898553,0.18333105988268994,0.19202898550724637
312,14150,"Pellston, MI: Pellston Regional Airport of Emmet County",7308,505,7393,508,0.13615216201423097,0.18811881188118812,0.14513729203300418,0.1889763779527559
38,10754,"Barrow, AK: Wiley Post/Will Rogers Memorial",7276,236,7333,237,0.14004947773501925,0.3050847457627119,0.1186417564434747,0.23628691983122363
166,13127,"Lewiston, ID: Lewiston Nez Perce County",7265,482,7275,482,0.05946317962835513,0.17219917012448133,0.055807560137457045,0.13485477178423236
208,13970,"Kotzebue, AK: Ralph Wien Memorial",7229,378,7306,385,0.12270023516392309,0.06613756613756613,0.09389542841500137,0.14285714285714285
203,13873,"Nome, AK: Nome Airport",7222,392,7280,392,0.12184990307394074,0.1326530612244898,0.1103021978021978,0.12755102040816327
173,13241,"Meridian, MS: Key Field",6927,471,6940,471,0.20701602425292334,0.20382165605095542,0.19423631123919308,0.21231422505307856
63,11097,"Cody, WY: Yellowstone Regional",6918,17,6963,17,0.12532523850823937,0.17647058823529413,0.12623869021973289,0.17647058823529413
114,11980,"Grand Island, NE: Central Nebraska Regional",6903,608,6927,611,0.1680428799072867,0.22039473684210525,0.16601703479139598,0.16039279869067102
315,11577,"Erie, PA: Erie International/Tom Ridge Field",6890,221,6901,220,0.13599419448476052,0.12217194570135746,0.16693232864802202,0.22272727272727272
287,10141,"Aberdeen, SD: Aberdeen Regional",6883,471,6896,472,0.09472613685892779,0.09129511677282377,0.09266241299303944,0.07415254237288135
283,15841,"Wrangell, AK: Wrangell Airport",6883,470,6925,473,0.12930408252215603,0.1425531914893617,0.15335740072202167,0.17124735729386892
221,14256,"Petersburg, AK: Petersburg James A Johnson",6878,467,6910,474,0.13623146263448677,0.14132762312633834,0.147178002894356,0.1540084388185654
49,10926,"Cordova, AK: Merle K Mudhole Smith",6875,475,6900,474,0.11549090909090909,0.14736842105263157,0.11768115942028985,0.1729957805907173
288,10631,"Bemidji, MN: Bemidji Regional",6853,460,6862,462,0.09309791332263243,0.0891304347826087,0.09166423783153599,0.08441558441558442
285,15991,"Yakutat, AK: Yakutat Airport",6833,462,6900,479,0.10727352553783111,0.15584415584415584,0.12289855072463768,0.17954070981210857
336,12898,"Latrobe, PA: Arnold Palmer Regional",6807,348,6822,352,0.15660349640076393,0.3074712643678161,0.20712401055408972,0.30113636363636365
87,11525,"Elko, NV: Elko Regional",6761,243,6772,243,0.05709214613222896,0.06584362139917696,0.05921441228588305,0.05761316872427984
209,14006,"Paducah, KY: Barkley Regional",6725,0,6771,0,0.1458736059479554,,0.1880076798109585,
295,10728,"Beaumont/Port Arthur, TX: Jack Brooks Regional",6692,472,6724,469,0.16885833831440525,0.1228813559322034,0.18947055324211778,0.11513859275053305
39,10779,"Butte, MT: Bert Mooney",6581,441,6622,445,0.06032517854429418,0.04081632653061224,0.054817275747508304,0.04269662921348315
62,11076,"Hancock/Houghton, MI: Houghton County Memorial",6540,426,6564,431,0.1712538226299694,0.2347417840375587,0.215569774527727,0.23665893271461716
145,12511,"Joplin, MO: Joplin Regional",6492,409,6516,409,0.16081330868761554,0.19315403422982885,0.18738489871086556,0.17114914425427874
304,12129,"Hibbing, MN: Range Regional",6445,488,6480,487,0.08456167571761056,0.09016393442622951,0.08364197530864198,0.07597535934291581
302,10739,"Brainerd, MN: Brainerd Lakes Regional",6206,408,6221,408,0.09490815339993555,0.08823529411764706,0.10287735090821411,0.0857843137254902
48,10918,"Cedar City, UT: Cedar City Regional",6193,410,6201,410,0.07960600678185048,0.07317073170731707,0.061119174326721495,0.05365853658536585
332,12519,"Jamestown, ND: Jamestown Regional",6161,431,6292,430,0.14218471027430613,0.10440835266821345,0.13668150031786394,0.11162790697674418
267,15048,"Sioux City, IA: Sioux Gateway Brig Gen Bud Day Field",6120,477,6124,462,0.2011437908496732,0.16561844863731656,0.20672762900065317,0.19913419913419914
374,14004,"Everett, WA: Snohomish County",6006,478,5987,479,0.15318015318015318,0.14853556485355648,0.16368799064640052,0.15866388308977036
84,11471,"Eau Claire, WI: Chippewa Valley Regional",5949,0,5957,0,0.1375021011934779,,0.19070001678697332,
8,10170,"Kodiak, AK: Kodiak Airport",5946,512,5952,514,0.10225361587621931,0.107421875,0.09173387096774194,0.13229571984435798
305,12335,"Iron Mountain/Kingsfd, MI: Ford",5942,471,5966,476,0.12958599798047796,0.14861995753715498,0.1190077103586993,0.12394957983193278
371,12124,"Hilton Head, SC: Hilton Head Airport",5933,1290,5972,1303,0.18068430810719704,0.21472868217054264,0.15170797052913595,0.13584036838066002
109,11905,"Longview, TX: East Texas Regional",5929,470,5945,472,0.14218249283184348,0.13191489361702127,0.13641715727502102,0.10805084745762712
290,11867,"Garden City, KS: Garden City Regional",5832,466,5846,466,0.12980109739368997,0.12446351931330472,0.15480670543961683,0.13948497854077252
182,13344,"Muskegon, MI: Muskegon County",5821,0,5839,0,0.18003779419343754,,0.1877033738653879,
316,12397,"Ithaca/Cortland, NY: Ithaca Tompkins International",5723,462,5743,460,0.13838895684081776,0.11471861471861472,0.14957339369667422,0.1826086956521739
313,10577,"Binghamton, NY: Greater Binghamton/Edwin A. Link Field",5552,422,5565,423,0.1340057636887608,0.12796208530805686,0.16298292902066486,0.19858156028368795
258,14905,"Santa Maria, CA: Santa Maria Public/Capt. G. Allan Hancock Field",5535,69,5563,69,0.13839205058717255,0.42028985507246375,0.1513571813769549,0.2608695652173913
306,12343,"International Falls, MN: Falls International Einarson Field",5512,410,5535,410,0.10141509433962265,0.1024390243902439,0.10948509485094851,0.1073170731707317
309,12888,"Laramie, WY: Laramie Regional",5474,394,5483,389,0.11910851297040555,0.16751269035532995,0.15721320445011855,0.17480719794344474
333,12255,"Hays, KS: Hays Regional",5469,477,5513,481,0.1442676906198574,0.16142557651991615,0.1588971521857428,0.1683991683991684
314,11013,"Sault Ste. Marie, MI: Chippewa County International",5394,472,5416,478,0.13922877271041897,0.17372881355932204,0.13903249630723782,0.15271966527196654
301,10333,"Alpena, MI: Alpena County Regional",5296,232,5286,234,0.13708459214501512,0.21551724137931033,0.13356034808929246,0.19658119658119658
126,12177,"Hobbs, NM: Lea County Regional",5245,0,5244,0,0.11496663489037179,,0.17505720823798626,
303,11587,"Escanaba, MI: Delta County",5092,466,5119,468,0.1368813825608798,0.13304721030042918,0.1426059777300254,0.12179487179487179
289,10268,"Waterloo, IA: Waterloo Regional",4932,71,4950,71,0.1549067315490673,0.18309859154929578,0.19414141414141414,0.1267605633802817
122,12016,"Guam, TT: Guam International",4873,496,4873,495,0.15124153498871332,0.12096774193548387,0.21855120049250976,0.2080808080808081
121,12012,"Gunnison, CO: Gunnison-Crested Butte Regional",4512,504,4524,500,0.19680851063829788,0.20436507936507936,0.23342175066312998,0.24
334,14109,"Hattiesburg/Laurel, MS: Hattiesburg-Laurel Regional",4460,412,4467,412,0.1556053811659193,0.14320388349514562,0.21177524065368256,0.14320388349514562
75,11274,"Dubuque, IA: Dubuque Regional",4393,0,4409,0,0.15570225358524925,,0.18099342254479472,
337,14025,"Plattsburgh, NY: Plattsburgh International",4319,289,4323,289,0.2116230608937254,0.31833910034602075,0.18575063613231552,0.16608996539792387
330,11447,"Devils Lake, ND: Devils Lake Regional",4248,416,4246,431,0.1370056497175141,0.16346153846153846,0.15167216203485634,0.11136890951276102
293,13541,"Martha's Vineyard, MA: Martha's Vineyard Airport",4124,922,4156,932,0.2725509214354995,0.29392624728850325,0.19345524542829645,0.23068669527896996
29,10643,"Branson, MO: Branson Airport",3890,0,3908,0,0.1673521850899743,,0.18858751279426816,
362,14314,"Provo, UT: Provo Municipal",3878,1350,3865,1339,0.2184115523465704,0.2,0.306856403622251,0.4705003734129948
321,11315,"Dickinson, ND: Dickinson - Theodore Roosevelt Regional",3872,404,3884,403,0.13068181818181818,0.15099009900990099,0.1531925849639547,0.2506203473945409
350,10676,"Belleville, IL: Scott AFB MidAmerica St Louis",3860,728,3865,728,0.28808290155440414,0.25961538461538464,0.19404915912031048,0.15796703296703296
207,13964,"North Bend/Coos Bay, OR: Southwest Oregon Regional",3790,230,3841,231,0.3427440633245383,0.16521739130434782,0.3072116636292632,0.19047619047619047
355,12917,"Columbus, OH: Rickenbacker International",3770,702,3774,703,0.2936339522546419,0.2905982905982906,0.21515633280339164,0.21906116642958748
354,12544,"Concord, NC: Concord Padgett Regional",3648,487,3657,488,0.27631578947368424,0.33059548254620125,0.2124692370795734,0.24795081967213115
335,12265,"Niagara Falls, NY: Niagara Falls International",3474,234,3489,234,0.21848013816925735,0.2863247863247863,0.1582115219260533,0.1452991452991453
54,11002,"Chico, CA: Chico Regional",3175,0,3163,0,0.2595275590551181,,0.287069238065128,
327,14288,"Pueblo, CO: Pueblo Memorial",3059,25,3074,25,0.15299117358613926,0.08,0.1512687052700065,0.04
50,10930,"Crescent City, CA: Jack McNamara Field",2878,0,2938,0,0.37595552466990967,,0.33356024506466986,
370,14877,"Salina, KS: Salina Regional",2865,477,2859,482,0.19720767888307156,0.1740041928721174,0.18153200419727178,0.17012448132780084
345,11027,"Clarksburg/Fairmont, WV: North Central West Virginia",2843,155,2844,155,0.20787900105522336,0.27741935483870966,0.2007735583684951,0.14838709677419354
348,15074,"Stillwater, OK: Stillwater Regional",2796,471,2810,474,0.10586552217453506,0.10191082802547771,0.11814946619217082,0.11181434599156118
229,14512,"Rockford, IL: Chicago/Rockford International",2758,485,2756,485,0.25453226976069615,0.26597938144329897,0.17126269956458637,0.16082474226804125
325,11092,"Moab, UT: Canyonlands Regional",2755,394,2766,397,0.12304900181488203,0.13959390862944163,0.12689804772234273,0.1309823677581864
363,14716,"Stockton, CA: Stockton Metro",2725,353,2726,353,0.34458715596330275,0.45892351274787535,0.2421129860601614,0.3087818696883853
378,16869,"Williston, ND: Williston Basin International",2694,1056,2707,1059,0.1514476614699332,0.14299242424242425,0.14739564093091984,0.14919735599622286
188,13424,"Modesto, CA: Modesto City-County-Harry Sham Field",2619,0,2603,0,0.26384116074837727,,0.30234344986553974,
326,15582,"Vernal, UT: Vernal Regional",2482,388,2497,391,0.11563255439161967,0.17783505154639176,0.1277533039647577,0.17902813299232737
300,15897,"West Yellowstone, MT: Yellowstone",2470,211,2476,211,0.07732793522267206,0.07109004739336493,0.06663974151857835,0.061611374407582936
338,10558,"Scottsbluff, NE: Western Neb. Regional/William B. Heilig Field",2242,382,2251,383,0.11329170383586083,0.09162303664921466,0.16081741448245224,0.17232375979112272
352,12223,"Ashland, WV: Tri-State/Milton J. Ferguson Field",2238,287,2250,287,0.30741733690795353,0.3623693379790941,0.20577777777777778,0.20905923344947736
367,12899,"North Platte, NE: North Platte Regional Airport Lee Bird Field",2231,440,2242,445,0.105333930972658,0.1590909090909091,0.1672613737734166,0.18651685393258427
298,11415,"Del Rio, TX: Del Rio International",2222,178,2225,176,0.1251125112511251,0.12921348314606743,0.13752808988764045,0.11363636363636363
368,12902,"Liberal, KS: Liberal Mid-America Regional",2168,405,2172,406,0.12915129151291513,0.1308641975308642,0.15515653775322283,0.14532019704433496
372,14237,"Prescott, AZ: Prescott Regional Ernest A Love Field",2155,474,2158,475,0.19721577726218098,0.23628691983122363,0.19184430027803523,0.21894736842105264
356,13139,"Lynchburg, VA: Lynchburg Regional/Preston Glenn Field",2125,0,2130,0,0.16611764705882354,,0.19295774647887323,
347,10967,"Cape Girardeau, MO: Cape Girardeau Regional",2066,0,2041,0,0.1606969990319458,,0.19941205291523764,
165,13121,"Lewisburg, WV: Greenbrier Valley",2021,0,2025,0,0.20583869371598218,,0.21580246913580248,
310,14802,"Staunton, VA: Shenandoah Valley Regional",1988,0,1988,0,0.17857142857142858,,0.19164989939637828,
353,12244,"New Haven, CT: Tweed New Haven",1950,0,1971,0,0.1517948717948718,,0.17757483510908167,
161,13024,"Klamath Falls, OR: Crater Lake Klamath Regional",1754,0,1787,0,0.06898517673888255,,0.13206491326245104,
186,13388,"Mammoth Lakes, CA: Mammoth Lakes Airport",1723,0,1760,0,0.26523505513639,,0.20795454545454545,
14,10361,"Watertown, NY: Watertown International",1635,0,1655,0,0.1779816513761468,,0.22114803625377644,
383,11288,"Decatur, IL: Decatur Airport",1633,639,1642,642,0.1494182486221678,0.18153364632237873,0.1723507917174178,0.21339563862928349
349,15454,"Quincy, IL: Quincy Regional-Baldwin Field",1525,0,1546,0,0.2124590163934426,,0.2257438551099612,
373,11468,"Kearney, NE: Kearney Regional",1424,0,1422,0,0.09901685393258428,,0.16666666666666666,
71,11233,"Cheyenne, WY: Cheyenne Regional/Jerry Olson Field",1406,152,1404,152,0.14722617354196302,0.17105263157894737,0.14743589743589744,0.17105263157894737
291,14955,"Saipan, TT: Francisco C. Ada Saipan International",1373,262,1377,262,0.08157319737800436,0.061068702290076333,0.07262164124909223,0.05343511450381679
388,14303,"Pullman, WA: Pullman Moscow Regional",1350,0,1353,0,0.1562962962962963,,0.11603843311160385,
361,14259,"Portsmouth, NH: Portsmouth International at Pease",1332,248,1334,248,0.27102102102102105,0.2862903225806452,0.16266866566716642,0.21370967741935484
140,12436,"Inyokern, CA: Inyokern Airport",1193,0,1199,0,0.04777870913663034,,0.13844870725604672,
322,12320,"Wilmington, DE: New Castle",1186,0,1187,0,0.22934232715008432,,0.32687447346251053,
386,12559,"Johnstown, PA: John Murtha Johnstown-Cambria County",1168,475,1170,472,0.1618150684931507,0.13894736842105262,0.16153846153846155,0.1673728813559322
297,11336,"Dillingham, AK: Dillingham Airport",1164,112,1166,112,0.18213058419243985,0.13392857142857142,0.12264150943396226,0.08928571428571429
294,10245,"King Salmon, AK: King Salmon Airport",1149,183,1152,183,0.206266318537859,0.18579234972677597,0.1171875,0.1366120218579235
369,14092,"Greenville, NC: Pitt Greenville",1059,113,1064,113,0.24079320113314448,0.13274336283185842,0.231203007518797,0.07079646017699115
390,14812,"Sheridan, WY: Sheridan County",1029,411,1026,413,0.08357628765792031,0.07785888077858881,0.12378167641325535,0.14527845036319612
392,15569,"Victoria, TX: Victoria Regional",1001,416,1004,417,0.09090909090909091,0.10336538461538461,0.12848605577689243,0.13189448441247004
328,15008,"St. Cloud, MN: St. Cloud Regional",989,90,995,90,0.243680485338726,0.1,0.23618090452261306,0.022222222222222223
382,11283,"Dodge City, KS: Dodge City Regional",988,395,1003,406,0.15789473684210525,0.16455696202531644,0.14057826520438685,0.15270935960591134
317,14222,"Pago Pago, TT: Pago Pago International",964,89,964,88,0.2095435684647303,0.24719101123595505,0.1421161825726141,0.2727272727272727
7,10165,"Adak Island, AK: Adak",959,65,961,65,0.28362877997914493,0.15384615384615385,0.10197710718002082,0.07692307692307693
137,12363,"El Centro, CA: Imperial County",937,0,939,0,0.10138740661686232,,0.13738019169329074,
385,11725,"Fort Dodge, IA: Fort Dodge Regional",903,405,902,399,0.14839424141749724,0.16790123456790124,0.14412416851441243,0.17543859649122806
387,13211,"Mason City, IA: Mason City Municipal",889,398,900,407,0.15748031496062992,0.18090452261306533,0.16555555555555557,0.18181818181818182
358,13832,"Ogdensburg, NY: Ogdensburg International",862,0,873,0,0.19605568445475638,,0.1718213058419244,
331,12250,"Hyannis, MA: Cape Cod Gateway",841,182,848,185,0.26872770511296074,0.2692307692307692,0.17806603773584906,0.2
299,11997,"Gustavus, AK: Gustavus Airport",800,75,800,75,0.18,0.09333333333333334,0.11,0.06666666666666667
380,10275,"Walla Walla, WA: Walla Walla Regional",696,106,700,106,0.09770114942528736,0.11320754716981132,0.11,0.07547169811320754
351,12119,"Hagerstown, MD: Hagerstown Regional-Richard A. Henson Field",692,161,691,161,0.32803468208092484,0.32919254658385094,0.20694645441389292,0.2484472049689441
389,14534,"Riverton/Lander, WY: Central Wyoming Regional",659,275,664,276,0.09256449165402124,0.09818181818181818,0.14156626506024098,0.16666666666666666
376,14120,"Pierre, SD: Pierre Regional",631,0,632,0,0.15055467511885895,,0.15981012658227847,
393,16101,"Yakima, WA: Yakima Air Terminal/McAllister Field",593,0,595,0,0.13490725126475547,,0.13277310924369748,
329,15497,"St. Augustine, FL: Northeast Florida Regional",586,0,593,0,0.2935153583617747,,0.23440134907251264,
384,11470,"Wenatchee, WA: Pangborn Memorial",584,0,584,0,0.1558219178082192,,0.136986301369863,
381,10617,"Bishop, CA: Bishop Airport",526,212,529,214,0.2414448669201521,0.22169811320754718,0.27032136105860116,0.2383177570093458
375,10409,"Watertown, SD: Watertown Regional",499,0,496,0,0.156312625250501,,0.17943548387096775,
391,15138,"Fort Leonard Wood, MO: Waynesville-St. Robert Regional Forney Field",462,0,461,0,0.11471861471861472,,0.1279826464208243,
324,11726,"Topeka, KS: Topeka Regional",421,0,420,0,0.2161520190023753,,0.36666666666666664,
343,10590,"Bullhead City, AZ: Laughlin/Bullhead International",364,0,365,0,0.13736263736263737,,0.11506849315068493,
359,13983,"Owensboro, KY: Owensboro Daviess County Regional",335,43,335,43,0.32238805970149254,0.27906976744186046,0.23880597014925373,0.18604651162790697
366,11699,"Florence, SC: Florence Regional",277,0,278,0,0.148014440433213,,0.16546762589928057,
357,13829,"Ogden, UT: Ogden-Hinckley",256,0,256,0,0.3515625,,0.1796875,
379,10272,"Alamosa, CO: San Luis Valley Regional/Bergman Field",238,0,237,0,0.08403361344537816,,0.1518987341772152,
377,10562,"Mobile, AL: Mobile International",151,0,154,0,0.18543046357615894,,0.17532467532467533,
320,13203,"Macon, GA: Middle Georgia Regional",2,0,0,0,0.5,,,
365,16133,"Youngstown/Warren, OH: Youngstown-Warren Regional",2,0,2,0,0.5,,0.5,
339,11495,"Houston, TX: Ellington",1,0,0,0,0.0,,,
342,15235,"Tokeen, AK: Tokeen Airport",1,0,0,0,1.0,,,
341,11563,"Wendover, UT: Wendover Airport",1,0,0,0,1.0,,,
346,11719,"Fort Collins/Loveland, CO: Northern Colorado Regional",0,0,1,0,,,0.0,
